{
  
  "$schema": "https://schema.tauri.app/config/2",
  "productName": "managist",
  "version": "0.1.0",
  "identifier": "com.managist.app",
  "build": {
    "beforeDevCommand": "npm run dev",
    "beforeBuildCommand": "npm run build",
    "frontendDist": "../src"
  },  "app": {
    "withGlobalTauri": true,
    "windows": [
      {
        "label": "loading",
        "title": "Managist - Loading",
        "url": "loading.html",
        "width": 600,
        "height": 500,
        "center": true,
        "resizable": false,
        "decorations": false,
        "alwaysOnTop": true,
        "skipTaskbar": false,
        "visible": true
      },
      {
        "label": "main",
        "title": "Managist",
        "url": "index.html",
        "width": 500,
        "height": 600,
        "center": true,
        "resizable": true,
        "visible": false
      }
    ],
    "security": {
      "csp": null
    }
  },
  "bundle": {
    "active": true,
    "targets": "all",
    "icon": [
      "icons/32x32.png",
      "icons/128x128.png",
      "icons/128x128@2x.png",
      "icons/icon.icns",
      "icons/icon.ico"
    ]
  },  
  "plugins": {
    "window": {
      "all": true,
      "center": true
    },
          "updater": {
      "active": true,
      "endpoints": [
        "https://github.com/yourusername/Managist/releases/latest/download/{{target}}-{{arch}}-{{version}}"
      ],
      "dialog": true,
      "pubkey": "dW50cnVzdGVkIGNvbW1lbnQ6IG1pbmlzaWduIHB1YmxpYyBrZXk6IDJFRUVFNDcxOTFENjlBMTIKUldRU210YVJjZ1R1TGxUdG9SaitUYnJxQURMTlFZUll6cEtoWVNqZ0gvOVNSdmNZZ045N2QySkwK"
    }
  }
}